{
    "A": {
        "A": 0.9999999999999999,
        "C": 0.11014789873260981,
        "D": -0.09918352576739495,
        "E": -0.041679786364999305,
        "F": 0.016733683954707486,
        "G": 0.12525387100542543,
        "H": -0.047083859414859736,
        "I": 0.07145658471639868,
        "K": 0.06136574058583594,
        "L": 0.23037100849393605,
        "M": 0.15909945800105985,
        "N": 0.01873097187272732,
        "P": 0.04113478218815497,
        "Q": 0.050286624544424174,
        "R": -0.07115279909749617,
        "S": 0.16668358377765413,
        "T": 0.054041797872304065,
        "U": 0.03384116839388017,
        "V": 0.1333164519416638,
        "W": -0.05350544551453927,
        "X": 0.04540493637551271,
        "Y": -0.15005472871615233
    },
    "C": {
        "A": 0.11014789873260981,
        "C": 0.9999999999999998,
        "D": -0.13363182072991997,
        "E": -0.10036328876745848,
        "F": 0.11639800506740797,
        "G": 0.09170544932696324,
        "H": 0.061319477268519135,
        "I": 0.22644107795024077,
        "K": -0.12860318207805344,
        "L": 0.1555903396777387,
        "M": 0.13940003349097463,
        "N": -0.09980991005153764,
        "P": -0.0299500128551016,
        "Q": -0.08908017467357784,
        "R": -0.08490502848963331,
        "S": 0.0160715293590096,
        "T": 0.17823671713730685,
        "U": 0.1642566242004198,
        "V": 0.2362317487377431,
        "W": 0.1334432956293619,
        "X": 0.043424761417863805,
        "Y": 0.0751483133579576
    },
    "D": {
        "A": -0.09918352576739495,
        "C": -0.13363182072991997,
        "D": 1.0,
        "E": 0.5452633725858926,
        "F": -0.24236523105623484,
        "G": 0.02583049220984361,
        "H": 0.03256620393143832,
        "I": -0.24171527727076522,
        "K": 0.05438699438462684,
        "L": -0.28656262935340937,
        "M": -0.33880693543819396,
        "N": 0.31462086329714334,
        "P": 0.16419121488511346,
        "Q": 0.18656739569726763,
        "R": 0.15352033253451788,
        "S": 0.2798894046376119,
        "T": -0.10764597155715583,
        "U": 0.08074061961479798,
        "V": -0.2267646119699885,
        "W": -0.020947757371247808,
        "X": 0.19854125868483544,
        "Y": -0.06383607353611091
    },
    "E": {
        "A": -0.041679786364999305,
        "C": -0.10036328876745848,
        "D": 0.5452633725858926,
        "E": 1.0,
        "F": -0.20800644396560425,
        "G": -0.053039167684927994,
        "H": -0.03659459861568362,
        "I": -0.29337990873178965,
        "K": 0.2928700378835766,
        "L": -0.2045057460999283,
        "M": -0.10031102184829985,
        "N": 0.10632587493915016,
        "P": 0.19324607724009193,
        "Q": 0.33164797562824483,
        "R": 0.23551335718280708,
        "S": 0.2040676652381962,
        "T": -0.1719293838639201,
        "U": 0.1222962692106264,
        "V": -0.23782950424058624,
        "W": -0.12111088200528691,
        "X": 0.22244777294310997,
        "Y": -0.11150568824948637
    },
    "F": {
        "A": 0.016733683954707486,
        "C": 0.11639800506740797,
        "D": -0.24236523105623484,
        "E": -0.20800644396560425,
        "F": 0.9999999999999998,
        "G": -0.03341224772961663,
        "H": 0.17114572736193867,
        "I": 0.2676510715408566,
        "K": -0.0784045075083591,
        "L": 0.4047306210532112,
        "M": 0.31561266369450247,
        "N": -0.006112988227383806,
        "P": -0.17356486081723307,
        "Q": -0.020052023435911406,
        "R": 0.021001167166141824,
        "S": -0.151634274681694,
        "T": 0.17655505626821247,
        "U": 0.12508198471698667,
        "V": 0.14491426038368987,
        "W": 0.28020880753111554,
        "X": -0.061709003226507075,
        "Y": 0.3949338926713506
    },
    "G": {
        "A": 0.12525387100542543,
        "C": 0.09170544932696324,
        "D": 0.02583049220984361,
        "E": -0.053039167684927994,
        "F": -0.03341224772961663,
        "G": 1.0000000000000002,
        "H": 0.026637882380895997,
        "I": 0.03989715686046677,
        "K": -0.09414830974059582,
        "L": -0.06432913109833108,
        "M": -0.021407413526892242,
        "N": 0.16565001450534414,
        "P": 0.13147235381406458,
        "Q": 0.0016579817401542601,
        "R": -0.15539619638377025,
        "S": 0.19936821326584808,
        "T": 0.0888297799599402,
        "U": 0.09973410163847118,
        "V": -0.03460060927152417,
        "W": -0.021060036896151324,
        "X": 0.10599376266989188,
        "Y": -0.1641183285446197
    },
    "H": {
        "A": -0.047083859414859736,
        "C": 0.061319477268519135,
        "D": 0.03256620393143832,
        "E": -0.03659459861568362,
        "F": 0.17114572736193867,
        "G": 0.026637882380895997,
        "H": 1.0000000000000004,
        "I": -0.04109933966339255,
        "K": 0.13392259636300025,
        "L": 0.054998429609837446,
        "M": 0.016446622280581608,
        "N": 0.22068179914944833,
        "P": 0.009397410578181511,
        "Q": 0.18797730484081834,
        "R": 0.20449129012688874,
        "S": -0.11816785961761908,
        "T": 0.1715581409733848,
        "U": 0.15799886592668388,
        "V": -0.035948619204117294,
        "W": 0.12593150757865584,
        "X": -0.14725564992614917,
        "Y": 0.29219351878319677
    },
    "I": {
        "A": 0.07145658471639868,
        "C": 0.22644107795024077,
        "D": -0.24171527727076522,
        "E": -0.29337990873178965,
        "F": 0.2676510715408566,
        "G": 0.03989715686046677,
        "H": -0.04109933966339255,
        "I": 1.0,
        "K": -0.1019114257801336,
        "L": 0.5211901017046582,
        "M": 0.3482775571634649,
        "N": -0.12601991172872923,
        "P": -0.234620785212029,
        "Q": -0.05012523039647962,
        "R": -0.29292542114243003,
        "S": -0.06205720235085305,
        "T": 0.07797485857537484,
        "U": -0.059110411550560744,
        "V": 0.66459500322954,
        "W": 0.07787140230792204,
        "X": -0.10021888917904087,
        "Y": 0.07541029740537845
    },
    "K": {
        "A": 0.06136574058583594,
        "C": -0.12860318207805344,
        "D": 0.05438699438462684,
        "E": 0.2928700378835766,
        "F": -0.0784045075083591,
        "G": -0.09414830974059582,
        "H": 0.13392259636300025,
        "I": -0.1019114257801336,
        "K": 1.0,
        "L": -0.023750681839566357,
        "M": 0.021090619365061982,
        "N": 0.16248235657764584,
        "P": 0.048943906002370655,
        "Q": 0.30508154501708845,
        "R": 0.5006896323665723,
        "S": 0.008351177388819464,
        "T": -0.12415550996952837,
        "U": -0.09190088419361814,
        "V": -0.1190826733563017,
        "W": -0.07258094023407953,
        "X": -0.09266669140024969,
        "Y": 0.02531266889617583
    },
    "L": {
        "A": 0.23037100849393605,
        "C": 0.1555903396777387,
        "D": -0.28656262935340937,
        "E": -0.2045057460999283,
        "F": 0.4047306210532112,
        "G": -0.06432913109833108,
        "H": 0.054998429609837446,
        "I": 0.5211901017046582,
        "K": -0.023750681839566357,
        "L": 0.9999999999999998,
        "M": 0.42968032898998393,
        "N": -0.13105550881124525,
        "P": -0.20242779826839377,
        "Q": -0.008460573143474454,
        "R": -0.11210522719911117,
        "S": -0.056699511931347035,
        "T": -0.04470912083555567,
        "U": -0.028280061395835165,
        "V": 0.3561594181675403,
        "W": 0.11452771094876626,
        "X": -0.054378499446620085,
        "Y": 0.16525397165115285
    },
    "M": {
        "A": 0.15909945800105985,
        "C": 0.13940003349097463,
        "D": -0.33880693543819396,
        "E": -0.10031102184829985,
        "F": 0.31561266369450247,
        "G": -0.021407413526892242,
        "H": 0.016446622280581608,
        "I": 0.3482775571634649,
        "K": 0.021090619365061982,