{
    "Alanine": {
        "Cysteine": 0.11014789873260981,
        "Aspartic acid": -0.09918352576739495,
        "Glutamic acid": -0.041679786364999305,
        "Phenylalanine": 0.016733683954707486,
        "Glycine": 0.12525387100542543,
        "Histidine": -0.047083859414859736,
        "Isoleucine": 0.07145658471639868,
        "Lysine": 0.06136574058583594,
        "Leucine": 0.23037100849393605,
        "Methionine": 0.15909945800105985,
        "Asparagine": 0.01873097187272732,
        "Proline": 0.04113478218815497,
        "Glutamine": 0.050286624544424174,
        "Arginine": -0.07115279909749617,
        "Serine": 0.16668358377765413,
        "Threonine": 0.054041797872304065,
        "Selenocysteine": 0.03384116839388017,
        "Valine": 0.1333164519416638,
        "Tryptophan": -0.05350544551453927,
        "Tyrosine": -0.15005472871615233
    },
    "Cysteine": {
        "Alanine": 0.11014789873260981,
        "Aspartic acid": -0.13363182072991997,
        "Glutamic acid": -0.10036328876745848,
        "Phenylalanine": 0.11639800506740797,
        "Glycine": 0.09170544932696324,
        "Histidine": 0.061319477268519135,
        "Isoleucine": 0.22644107795024077,
        "Lysine": -0.12860318207805344,
        "Leucine": 0.1555903396777387,
        "Methionine": 0.13940003349097463,
        "Asparagine": -0.09980991005153764,
        "Proline": -0.0299500128551016,
        "Glutamine": -0.08908017467357784,
        "Arginine": -0.08490502848963331,
        "Serine": 0.0160715293590096,
        "Threonine": 0.17823671713730685,
        "Selenocysteine": 0.1642566242004198,
        "Valine": 0.2362317487377431,
        "Tryptophan": 0.1334432956293619,
        "Tyrosine": 0.0751483133579576
    },
    "Aspartic acid": {
        "Alanine": -0.09918352576739495,
        "Cysteine": -0.13363182072991997,
        "Glutamic acid": 0.5452633725858926,
        "Phenylalanine": -0.24236523105623484,
        "Glycine": 0.02583049220984361,
        "Histidine": 0.03256620393143832,
        "Isoleucine": -0.24171527727076522,
        "Lysine": 0.05438699438462684,
        "Leucine": -0.28656262935340937,
        "Methionine": -0.33880693543819396,
        "Asparagine": 0.31462086329714334,
        "Proline": 0.16419121488511346,
        "Glutamine": 0.18656739569726763,
        "Arginine": 0.15352033253451788,
        "Serine": 0.2798894046376119,
        "Threonine": -0.10764597155715583,
        "Selenocysteine": 0.08074061961479798,
        "Valine": -0.2267646119699885,
        "Tryptophan": -0.020947757371247808,
        "Tyrosine": -0.06383607353611091
    },
    "Glutamic acid": {
        "Alanine": -0.041679786364999305,
        "Cysteine": -0.10036328876745848,
        "Aspartic acid": 0.5452633725858926,
        "Phenylalanine": -0.20800644396560425,
        "Glycine": -0.053039167684927994,
        "Histidine": -0.03659459861568362,
        "Isoleucine": -0.29337990873178965,
        "Lysine": 0.2928700378835766,
        "Leucine": -0.2045057460999283,
        "Methionine": -0.10031102184829985,
        "Asparagine": 0.10632587493915016,
        "Proline": 0.19324607724009193,
        "Glutamine": 0.33164797562824483,
        "Arginine": 0.23551335718280708,
        "Serine": 0.2040676652381962,
        "Threonine": -0.1719293838639201,
        "Selenocysteine": 0.1222962692106264,
        "Valine": -0.23782950424058624,
        "Tryptophan": -0.12111088200528691,
        "Tyrosine": -0.11150568824948637
    },
    "Phenylalanine": {
        "Alanine": 0.016733683954707486,
        "Cysteine": 0.11639800506740797,
        "Aspartic acid": -0.24236523105623484,
        "Glutamic acid": -0.20800644396560425,
        "Glycine": -0.03341224772961663,
        "Histidine": 0.17114572736193867,
        "Isoleucine": 0.2676510715408566,
        "Lysine": -0.0784045075083591,
        "Leucine": 0.4047306210532112,
        "Methionine": 0.31561266369450247,
        "Asparagine": -0.006112988227383806,
        "Proline": -0.17356486081723307,
        "Glutamine": -0.020052023435911406,
        "Arginine": 0.021001167166141824,
        "Serine": -0.151634274681694,
        "Threonine": 0.17655505626821247,
        "Selenocysteine": 0.12508198471698667,
        "Valine": 0.14491426038368987,
        "Tryptophan": 0.28020880753111554,
        "Tyrosine": 0.3949338926713506
    },
    "Glycine": {
        "Alanine": 0.12525387100542543,
        "Cysteine": 0.09170544932696324,
        "Aspartic acid": 0.02583049220984361,
        "Glutamic acid": -0.053039167684927994,
        "Phenylalanine": -0.03341224772961663,
        "Histidine": 0.026637882380895997,
        "Isoleucine": 0.03989715686046677,
        "Lysine": -0.09414830974059582,
        "Leucine": -0.06432913109833108,
        "Methionine": -0.021407413526892242,
        "Asparagine": 0.16565001450534414,
        "Proline": 0.13147235381406458,
        "Glutamine": 0.0016579817401542601,
        "Arginine": -0.15539619638377025,
        "Serine": 0.19936821326584808,
        "Threonine": 0.0888297799599402,
        "Selenocysteine": 0.09973410163847118,
        "Valine": -0.03460060927152417,
        "Tryptophan": -0.021060036896151324,
        "Tyrosine": -0.1641183285446197
    },
    "Histidine": {
        "Alanine": -0.047083859414859736,
        "Cysteine": 0.061319477268519135,
        "Aspartic acid": 0.03256620393143832,
        "Glutamic acid": -0.03659459861568362,
        "Phenylalanine": 0.17114572736193867,
        "Glycine": 0.026637882380895997,
        "Isoleucine": -0.04109933966339255,
        "Lysine": 0.13392259636300025,
        "Leucine": 0.054998429609837446,
        "Methionine": 0.016446622280581608,
        "Asparagine": 0.22068179914944833,
        "Proline": 0.009397410578181511,
        "Glutamine": 0.18797730484081834,
        "Arginine": 0.20449129012688874,
        "Serine": -0.11816785961761908,
        "Threonine": 0.1715581409733848,
        "Selenocysteine": 0.15799886592668388,
        "Valine": -0.035948619204117294,
        "Tryptophan": 0.12593150757865584,
        "Tyrosine": 0.29219351878319677
    },
    "Isoleucine": {
        "Alanine": 0.07145658471639868,
        "Cysteine": 0.22644107795024077,
        "Aspartic acid": -0.24171527727076522,
        "Glutamic acid": -0.29337990873178965,
        "Phenylalanine": 0.2676510715408566,
        "Glycine": 0.03989715686046677,
        "Histidine": -0.04109933966339255,
        "Lysine": -0.1019114257801336,
        "Leucine": 0.5211901017046582,
        "Methionine": 0.3482775571634649,
        "Asparagine": -0.12601991172872923,
        "Proline": -0.234620785212029,
        "Glutamine": -0.05012523039647962,
        "Arginine": -0.29292542114243003,
        "Serine": -0.06205720235085305,
        "Threonine": 0.07797485857537484,
        "Selenocysteine": -0.059110411550560744,
        "Valine": 0.66459500322954,
        "Tryptophan": 0.07787140230792204,
        "Tyrosine": 0.07541029740537845
    },
    "Lysine": {
        "Alanine": 0.06136574058583594,
        "Cysteine": -0.12860318207805344,
        "Aspartic acid": 0.05438699438462684,
        "Glutamic acid": 0.2928700378835766,
        "Phenylalanine": -0.0784045075083591,
        "Glycine": -0.09414830974059582,
        "Histidine": 0.13392259636300025,
        "Isoleucine": -0.1019114257801336,
        "Leucine": -0.023750681839566357,
        "Methionine": 0.021090619365061982,
        "Asparagine": 0.16248235657764584,
        "Proline": 0.048943906002370655,
        "Glutamine": 0.30508154501708845,
        "Arginine": 0.5006896323665723,
        "Serine": 0.008351177388819464,
        "Threonine": -0.12415550996952837,
        "Selenocysteine": -0.09190088419361814,
        "Valine": -0.1190826733563017,
        "Tryptophan": -0.07258094023407953,
        "Tyrosine": 0.02531266889617583
    },
    "Leucine": {
        "Alanine": 0.23037100849393605,
        "Cysteine": 0.1555903396777387,